sample_id,Patient ID,BRCA2mutant?,IPRES signature,Response,Purity,Ploidy,AvgCov,PctCov15,TotalNonSyn,TotalNonSyn_Exp,TotalIndelNonSyn,TotalIndelNonSyn_Exp,Binder,Binder_WT_NonBinder,StrongBinder,StrongBinder_WT_NonStrongBinder,StrongBinder_WT_NonBinder,Binder_Exp,Binder_WT_NonBinder_Exp,StrongBinder_Exp,StrongBinder_WT_NonStrongBinder_Exp,StrongBinder_WT_NonBinder_Exp,Binder_2,Binder_WT_NonBinder_2,StrongBinder_2,StrongBinder_WT_NonStrongBinder_2,StrongBinder_WT_NonBinder_2,Binder_Exp_2,Binder_WT_NonBinder_Exp_2,StrongBinder_Exp_2,StrongBinder_WT_NonStrongBinder_Exp_2,StrongBinder_WT_NonBinder_Exp_2,Total,A>G,C>T,A>C,A>T,C>A,C>G,A>G.frac,C>T.frac,A>C.frac,A>T.frac,C>A.frac,C>G.frac
Pt1,Pt1,1.0,Y,NR,0.25,5.4,126.61,95.5,1645.0,1394.0,0.0,0.0,755.0,206.0,466.0,240.0,100.0,395.0,118.0,243.0,132.0,60.0,445.0,183.0,278.0,218.0,92.0,228.0,92.0,140.0,109.0,49.0,9469.0,322.0,8587.0,97.0,233.0,176.0,54.0,0.034005703,0.9068539440000001,0.010243954,0.024606611,0.018586968,0.00570282
Pt10,Pt10,0.0,Y,NR,0.63,4.6,140.99,96.2,232.0,200.0,1.0,0.0,90.0,22.0,45.0,21.0,8.0,58.0,18.0,33.0,17.0,7.0,53.0,25.0,21.0,17.0,6.0,36.0,21.0,14.0,13.0,4.0,1639.0,137.0,1199.0,54.0,63.0,122.0,64.0,0.083587553,0.7315436240000001,0.032946919,0.038438072000000004,0.074435631,0.0390482
Pt11,Pt11,0.0,na,NR,0.72,3.1,124.27,94.0,253.0,221.0,7.0,1.0,127.0,39.0,54.0,18.0,10.0,67.0,17.0,31.0,11.0,5.0,95.0,46.0,67.0,56.0,25.0,52.0,25.0,39.0,32.0,14.0,1942.0,130.0,1519.0,77.0,67.0,111.0,38.0,0.066941298,0.7821833159999999,0.039649846,0.034500515,0.05715757,0.019567456
Pt12,Pt12,0.0,Y,NR,0.66,3.6,144.8,97.3,104.0,61.0,6.0,4.0,52.0,17.0,22.0,9.0,3.0,21.0,8.0,6.0,2.0,1.0,35.0,11.0,20.0,15.0,5.0,13.0,3.0,5.0,4.0,0.0,678.0,154.0,353.0,27.0,19.0,54.0,71.0,0.227138643,0.5206489679999999,0.039823009,0.028023599,0.079646018,0.104719764
Pt13,Pt13,0.0,Y,R,0.48,2.2,101.28,95.2,460.0,387.0,4.0,0.0,231.0,64.0,117.0,61.0,26.0,124.0,36.0,62.0,27.0,14.0,123.0,54.0,88.0,73.0,33.0,62.0,28.0,47.0,41.0,17.0,2989.0,164.0,2560.0,64.0,94.0,55.0,52.0,0.054867849,0.8564737370000001,0.021411843,0.031448645,0.018400803,0.017397123
Pt14,Pt14,0.0,Y,NR,0.54,3.1,162.37,97.1,1465.0,1260.0,3.0,1.0,679.0,225.0,347.0,166.0,84.0,366.0,124.0,187.0,92.0,47.0,327.0,120.0,233.0,177.0,70.0,171.0,66.0,124.0,97.0,41.0,9407.0,315.0,8340.0,179.0,272.0,206.0,95.0,0.033485702,0.886573828,0.019028383,0.028914638,0.021898586,0.010098863000000001
Pt15,Pt15,0.0,N,R,0.5,2.7,150.61,97.0,523.0,459.0,2.0,0.0,252.0,80.0,159.0,98.0,39.0,125.0,46.0,72.0,50.0,20.0,166.0,73.0,120.0,91.0,45.0,82.0,38.0,56.0,41.0,24.0,2976.0,168.0,2540.0,63.0,96.0,60.0,49.0,0.056451613,0.8534946240000001,0.021169355,0.032258065,0.02016129,0.016465054
Pt16,Pt16,0.0,Y,NR,0.28,2.2,223.48,97.9,526.0,286.0,8.0,3.0,263.0,84.0,166.0,94.0,42.0,84.0,33.0,43.0,21.0,14.0,164.0,64.0,107.0,84.0,38.0,47.0,16.0,32.0,25.0,7.0,2615.0,136.0,2250.0,42.0,89.0,63.0,35.0,0.052007648,0.86042065,0.016061185,0.034034417000000004,0.024091777999999998,0.013384321000000001
Pt17,Pt17,0.0,na,NR,0.47,2.1,122.36,93.6,849.0,733.0,2.0,0.0,418.0,137.0,179.0,82.0,45.0,209.0,65.0,86.0,37.0,19.0,273.0,118.0,187.0,145.0,69.0,137.0,62.0,89.0,64.0,35.0,4859.0,245.0,4176.0,125.0,138.0,96.0,79.0,0.050421898,0.859436098,0.025725458,0.028400906,0.019757152,0.016258488999999997
Pt18,Pt18,0.0,na,R,0.52,3.4,119.36,96.0,312.0,164.0,2.0,2.0,156.0,45.0,79.0,32.0,14.0,39.0,14.0,20.0,11.0,6.0,95.0,37.0,52.0,33.0,13.0,27.0,13.0,14.0,8.0,4.0,2273.0,132.0,1924.0,41.0,66.0,70.0,40.0,0.058073031,0.846458425,0.018037835,0.029036516000000002,0.030796304,0.017597888
Pt19,Pt19,1.0,N,R,0.62,3.4,119.81,95.4,655.0,562.0,9.0,2.0,263.0,71.0,145.0,78.0,30.0,120.0,32.0,73.0,40.0,14.0,125.0,57.0,81.0,59.0,30.0,55.0,27.0,37.0,26.0,14.0,4724.0,279.0,4031.0,91.0,149.0,112.0,62.0,0.059060119,0.8533022859999999,0.019263336000000002,0.031541067,0.023708721000000002,0.013124471
Pt2,Pt2,0.0,N,R,0.53,3.9,126.83,97.5,1943.0,1699.0,6.0,1.0,897.0,263.0,487.0,206.0,98.0,493.0,139.0,255.0,102.0,50.0,454.0,197.0,325.0,253.0,125.0,233.0,106.0,155.0,123.0,62.0,14127.0,714.0,12168.0,240.0,527.0,288.0,190.0,0.050541515999999995,0.861329369,0.016988745,0.037304452,0.020386493999999998,0.013449423
Pt20,Pt20,0.0,N,NR,0.23,3.0,133.71,97.2,577.0,475.0,1.0,0.0,265.0,83.0,116.0,64.0,25.0,146.0,43.0,57.0,33.0,10.0,141.0,68.0,102.0,79.0,39.0,77.0,31.0,54.0,39.0,14.0,3219.0,269.0,2541.0,123.0,110.0,97.0,79.0,0.083566325,0.789375582,0.038210624,0.034172102999999995,0.030133582000000003,0.024541782999999998
Pt21,Pt21,1.0,na,R,0.95,3.8,143.3,97.1,239.0,207.0,1.0,0.0,115.0,37.0,57.0,25.0,11.0,50.0,17.0,22.0,9.0,3.0,54.0,27.0,34.0,28.0,16.0,24.0,11.0,14.0,10.0,4.0,1734.0,93.0,1457.0,38.0,60.0,49.0,37.0,0.053633217999999996,0.840253749,0.021914648,0.034602076,0.028258362000000002,0.021337947000000003
Pt22,Pt22,0.0,Y,NR,0.25,2.1,115.45,95.8,73.0,46.0,0.0,0.0,43.0,10.0,27.0,16.0,5.0,18.0,5.0,10.0,6.0,2.0,21.0,4.0,15.0,12.0,1.0,11.0,3.0,8.0,6.0,1.0,311.0,31.0,242.0,11.0,14.0,9.0,4.0,0.099678457,0.778135048,0.035369775,0.045016077,0.028938907000000003,0.012861736
Pt23,Pt23,0.0,Y,NR,0.36,2.2,139.67,96.9,281.0,250.0,2.0,0.0,149.0,43.0,78.0,32.0,18.0,81.0,22.0,45.0,18.0,9.0,79.0,32.0,41.0,32.0,13.0,47.0,19.0,22.0,15.0,6.0,1848.0,205.0,1343.0,70.0,81.0,73.0,76.0,0.110930736,0.726731602,0.037878788,0.043831169,0.039502165,0.041125541
Pt24,Pt24,0.0,na,R,0.95,2.9,119.45,96.8,443.0,241.0,3.0,2.0,240.0,77.0,101.0,55.0,23.0,64.0,19.0,31.0,18.0,7.0,127.0,43.0,93.0,68.0,27.0,31.0,10.0,22.0,14.0,4.0,2694.0,200.0,2104.0,93.0,89.0,121.0,87.0,0.07423905,0.780994803,0.034521157999999996,0.033036377,0.044914625,0.032293987
Pt25,Pt25,0.0,N,NR,0.67,4.1,139.6,96.6,139.0,120.0,5.0,0.0,54.0,15.0,25.0,12.0,2.0,31.0,11.0,18.0,8.0,2.0,38.0,15.0,20.0,12.0,6.0,25.0,11.0,14.0,9.0,4.0,1062.0,148.0,501.0,52.0,51.0,200.0,110.0,0.139359699,0.47175141200000004,0.048964218,0.048022599000000006,0.18832391699999998,0.103578154
Pt26,Pt26,0.0,na,R,0.17,3.4,125.45,96.4,1124.0,977.0,0.0,0.0,571.0,183.0,272.0,133.0,52.0,311.0,96.0,154.0,79.0,31.0,286.0,121.0,151.0,117.0,51.0,142.0,65.0,80.0,60.0,29.0,6427.0,318.0,5532.0,121.0,200.0,141.0,115.0,0.049478760999999996,0.8607437370000001,0.018826824,0.031118717999999997,0.021938696,0.017893263
Pt27,Pt27,1.0,N,R,0.8,2.2,208.56,98.3,2297.0,1260.0,16.0,16.0,1250.0,367.0,597.0,257.0,119.0,384.0,115.0,193.0,83.0,38.0,703.0,252.0,469.0,337.0,137.0,219.0,84.0,139.0,108.0,48.0,13669.0,577.0,12024.0,220.0,496.0,221.0,131.0,0.042212305,0.879654693,0.016094813,0.036286488,0.016167971,0.00958373
Pt28,Pt28,1.0,N,R,0.29,2.0,149.69,97.5,483.0,405.0,1.0,0.0,218.0,60.0,106.0,44.0,17.0,137.0,38.0,65.0,31.0,12.0,130.0,57.0,67.0,48.0,22.0,82.0,36.0,44.0,28.0,13.0,1964.0,162.0,1504.0,56.0,98.0,93.0,51.0,0.082484725,0.765784114,0.028513238,0.049898167,0.047352342,0.025967412999999998
Pt29,Pt29,0.0,N,NR,0.41,3.8,140.97,97.5,244.0,223.0,0.0,0.0,127.0,31.0,66.0,28.0,10.0,89.0,27.0,44.0,20.0,8.0,55.0,18.0,38.0,28.0,9.0,38.0,14.0,24.0,20.0,6.0,1245.0,216.0,432.0,68.0,80.0,300.0,149.0,0.17349397600000002,0.34698795200000004,0.05461847400000001,0.064257028,0.240963855,0.119678715
Pt3,Pt3,1.0,na,R,0.79,2.2,91.44,96.6,1146.0,0.0,10.0,0.0,631.0,176.0,318.0,167.0,58.0,0.0,0.0,0.0,0.0,0.0,379.0,139.0,249.0,174.0,71.0,0.0,0.0,0.0,0.0,0.0,5475.0,226.0,4938.0,87.0,98.0,73.0,53.0,0.041278538999999996,0.901917808,0.015890411,0.017899543,0.013333333000000001,0.009680365
Pt30,Pt30,0.0,na,NR,0.23,2.7,159.01,97.4,565.0,311.0,6.0,4.0,322.0,86.0,144.0,55.0,23.0,103.0,29.0,41.0,15.0,10.0,150.0,61.0,113.0,90.0,44.0,50.0,21.0,34.0,24.0,11.0,2463.0,167.0,1946.0,80.0,150.0,71.0,49.0,0.067803492,0.790093382,0.032480715,0.06090134,0.028826634,0.019894438
Pt31,Pt31,0.0,Y,NR,0.53,2.9,129.49,97.4,621.0,351.0,2.0,1.0,388.0,124.0,174.0,68.0,37.0,124.0,40.0,49.0,19.0,11.0,199.0,79.0,131.0,94.0,43.0,47.0,20.0,34.0,24.0,10.0,3710.0,208.0,3210.0,71.0,92.0,69.0,60.0,0.05606469,0.865229111,0.019137466000000002,0.024797844,0.018598383,0.016172507
Pt32,Pt32,0.0,Y,NR,0.72,3.5,167.93,97.3,261.0,143.0,2.0,0.0,156.0,44.0,88.0,54.0,21.0,49.0,18.0,24.0,17.0,9.0,92.0,31.0,54.0,35.0,13.0,37.0,15.0,16.0,9.0,4.0,1482.0,98.0,1224.0,28.0,50.0,49.0,33.0,0.066126856,0.8259109309999999,0.018893387,0.033738192,0.033063428,0.022267206
Pt33,Pt33,0.0,na,R,0.24,4.1,183.72,97.7,668.0,335.0,10.0,3.0,389.0,128.0,203.0,98.0,45.0,165.0,50.0,93.0,45.0,22.0,246.0,116.0,147.0,121.0,67.0,112.0,52.0,68.0,57.0,29.0,3351.0,157.0,2892.0,73.0,79.0,74.0,76.0,0.046851686,0.863025962,0.021784542,0.023575052000000003,0.02208296,0.022679797
Pt34,Pt34,0.0,na,R,0.79,3.7,196.22,97.4,90.0,41.0,18.0,18.0,68.0,10.0,32.0,7.0,1.0,22.0,5.0,8.0,3.0,0.0,30.0,8.0,24.0,22.0,5.0,8.0,3.0,6.0,6.0,1.0,412.0,109.0,181.0,17.0,23.0,55.0,27.0,0.264563107,0.43932038799999995,0.041262136,0.055825243,0.133495146,0.06553398099999999
Pt35,Pt35,0.0,N,R,0.62,3.8,284.54,97.8,313.0,146.0,4.0,4.0,198.0,59.0,97.0,50.0,26.0,52.0,18.0,25.0,12.0,8.0,113.0,37.0,68.0,48.0,15.0,30.0,10.0,18.0,15.0,6.0,2000.0,130.0,1589.0,59.0,85.0,73.0,64.0,0.065,0.7945,0.0295,0.0425,0.0365,0.032
Pt36,Pt36,0.0,na,NR,0.73,1.9,150.67,97.0,73.0,32.0,0.0,0.0,43.0,11.0,18.0,7.0,2.0,11.0,3.0,4.0,3.0,0.0,23.0,13.0,17.0,12.0,10.0,5.0,2.0,4.0,2.0,1.0,249.0,9.0,219.0,7.0,4.0,5.0,5.0,0.036144578,0.879518072,0.02811245,0.016064257,0.020080321,0.020080321
Pt37,Pt37,0.0,N,R,0.56,2.3,255.22,97.6,557.0,222.0,2.0,0.0,191.0,55.0,127.0,73.0,26.0,43.0,14.0,27.0,13.0,5.0,137.0,55.0,70.0,48.0,18.0,28.0,10.0,14.0,12.0,5.0,3632.0,147.0,3212.0,47.0,96.0,97.0,33.0,0.040473568,0.884361233,0.012940529,0.026431717999999996,0.026707047999999997,0.009085903000000001
Pt38,Pt38,0.0,N,R,0.25,3.6,208.24,97.3,81.0,5.0,0.0,0.0,7.0,5.0,3.0,3.0,2.0,2.0,0.0,1.0,1.0,0.0,4.0,1.0,2.0,2.0,0.0,1.0,1.0,0.0,0.0,0.0,517.0,39.0,377.0,15.0,13.0,55.0,18.0,0.07543520299999999,0.729206963,0.02901354,0.025145068,0.106382979,0.034816248
Pt4,Pt4,1.0,N,R,0.74,3.7,127.77,96.0,3985.0,3438.0,19.0,8.0,1659.0,467.0,898.0,422.0,197.0,951.0,286.0,521.0,254.0,126.0,903.0,374.0,611.0,496.0,188.0,516.0,216.0,353.0,281.0,107.0,26110.0,1673.0,21998.0,508.0,1024.0,529.0,378.0,0.064075067,0.842512447,0.019456147,0.03921869,0.020260437,0.014477212
Pt5,Pt5,0.0,N,R,0.89,3.4,102.26,95.8,316.0,276.0,2.0,1.0,189.0,62.0,125.0,69.0,39.0,77.0,26.0,49.0,28.0,14.0,104.0,43.0,72.0,62.0,25.0,46.0,20.0,33.0,29.0,14.0,1875.0,115.0,1562.0,46.0,61.0,60.0,31.0,0.061333333,0.833066667,0.024533332999999997,0.032533333,0.032,0.016533333
Pt6,Pt6,0.0,N,R,0.65,2.6,119.34,95.3,238.0,206.0,1.0,0.0,95.0,29.0,42.0,22.0,10.0,54.0,19.0,21.0,15.0,6.0,58.0,28.0,19.0,15.0,7.0,36.0,18.0,12.0,10.0,4.0,1684.0,125.0,1346.0,41.0,54.0,61.0,57.0,0.074228029,0.7992874109999999,0.024346793,0.032066508,0.036223278,0.033847981
Pt7,Pt7,0.0,N,NR,0.7,5.4,150.84,97.2,1217.0,1070.0,2.0,1.0,489.0,145.0,288.0,152.0,69.0,239.0,79.0,134.0,74.0,33.0,368.0,168.0,246.0,200.0,96.0,176.0,80.0,119.0,96.0,50.0,7866.0,343.0,6846.0,186.0,203.0,182.0,106.0,0.04360539,0.870327994,0.023646072,0.025807272000000003,0.023137553999999998,0.013475718000000001
Pt8,Pt8,0.0,N,R,0.7,4.0,124.04,96.8,807.0,673.0,4.0,2.0,165.0,49.0,97.0,52.0,24.0,107.0,30.0,63.0,33.0,15.0,151.0,57.0,89.0,72.0,24.0,102.0,39.0,59.0,46.0,17.0,3756.0,429.0,3068.0,67.0,84.0,73.0,35.0,0.11421725199999999,0.816826411,0.017838126,0.022364217000000002,0.01943557,0.009318424
Pt9,Pt9,0.0,N,R,0.14,2.5,149.78,97.2,495.0,436.0,2.0,0.0,243.0,77.0,106.0,50.0,19.0,128.0,42.0,52.0,22.0,10.0,140.0,57.0,60.0,44.0,15.0,66.0,35.0,24.0,17.0,9.0,2881.0,176.0,2433.0,56.0,93.0,65.0,58.0,0.061089899,0.844498438,0.019437695,0.032280458,0.022561611000000002,0.020131898999999998
